Handle,Title,Body (HTML),Vendor,Product Category,Type,Tags,Published,Option1 Name,Option1 Value,Variant SKU,Variant Grams,Variant Inventory Tracker,Variant Inventory Qty,Variant Inventory Policy,Variant Fulfillment Service,Variant Price,Variant Compare At Price,Variant Requires Shipping,Variant Taxable,Variant Barcode,Image Src,Image Position,Image Alt Text,Gift Card,SEO Title,SEO Description,Google Shopping / Google Product Category,Google Shopping / Gender,Google Shopping / Age Group,Google Shopping / Condition,Variant Image,Variant Weight Unit,Cost per item,Status
burgundy-caelia,Burgundy Berry,"<p>Beauty Mirror Case in Burgundy Berry — il colore maison. Astuccio e specchio, stesso gesto.</p><ul>
<li>Specchio integrato, nitido</li>
<li>Tasca per fino a 5 matite</li>
<li>Pelle PU premium</li>
<li>Logo debossato tono su tono</li></ul><p>Due pezzi: astuccio e specchio. Un gesto, in borsa.</p>",CAELIA,lb-3-3,Beauty Mirror Case,"caelia, burgundy berry, beauty mirror case, pelle, specchio, matite",TRUE,Title,Default Title,CAELIA-BERRY,165,shopify,25,deny,manual,58.00,,TRUE,TRUE,,https://caelia-store-x1wb.vercel.app/campaign/pair-berry.jpg,1,Burgundy Berry — astuccio e specchio,FALSE,Burgundy Berry — CAELIA Beauty Mirror Case,"Astuccio specchio in pelle Burgundy Berry. Cinque matite, specchio anti-riflesso, logo CAELIA inciso. 58 €.","Apparel & Accessories > Handbags, Wallets & Cases",female,adult,new,https://caelia-store-x1wb.vercel.app/campaign/pair-berry.jpg,g,,active
burgundy-caelia,,,,,,,,,,,,,,,,,,,,,https://caelia-store-x1wb.vercel.app/campaign/model-berry-pencils.jpg,2,Burgundy Berry — cinque matite in tasca,,,,,,,,,,,
burgundy-caelia,,,,,,,,,,,,,,,,,,,,,https://caelia-store-x1wb.vercel.app/campaign/model-berry.jpg,3,Burgundy Berry — packshot,,,,,,,,,,,
burgundy-caelia,,,,,,,,,,,,,,,,,,,,,https://caelia-store-x1wb.vercel.app/campaign/packshot-berry.jpg,4,Burgundy Berry — packshot frontale,,,,,,,,,,,
burgundy-caelia,,,,,,,,,,,,,,,,,,,,,https://caelia-store-x1wb.vercel.app/campaign/berry-angle.jpg,5,Burgundy Berry — tre quarti,,,,,,,,,,,
burgundy-caelia,,,,,,,,,,,,,,,,,,,,,https://caelia-store-x1wb.vercel.app/campaign/life-carla.jpg,6,Carla con CAELIA Burgundy Berry,,,,,,,,,,,
burgundy-caelia,,,,,,,,,,,,,,,,,,,,,https://caelia-store-x1wb.vercel.app/campaign/life-plane.jpg,7,Burgundy Berry in viaggio,,,,,,,,,,,
crema-caelia,Rosa nude,"<p>Beauty Mirror Case in Rosa nude. Pelle polvere, specchio, tasca.</p><ul>
<li>Specchio integrato, nitido</li>
<li>Tasca per fino a 5 matite</li>
<li>Pelle PU premium</li>
<li>Logo debossato tono su tono</li></ul><p>Due pezzi: astuccio e specchio. Un gesto, in borsa.</p>",CAELIA,lb-3-3,Beauty Mirror Case,"caelia, rosa nude, beauty mirror case, pelle, specchio, matite",TRUE,Title,Default Title,CAELIA-ROSA,165,shopify,25,deny,manual,58.00,,TRUE,TRUE,,https://caelia-store-x1wb.vercel.app/campaign/pair-rosa.jpg,1,Rosa nude — astuccio e specchio,FALSE,Rosa nude — CAELIA Beauty Mirror Case,"Astuccio specchio in pelle rosa nude. Specchio integrato, tasca per matite, wordmark CAELIA. 58 €.","Apparel & Accessories > Handbags, Wallets & Cases",female,adult,new,https://caelia-store-x1wb.vercel.app/campaign/pair-rosa.jpg,g,,active
crema-caelia,,,,,,,,,,,,,,,,,,,,,https://caelia-store-x1wb.vercel.app/campaign/model-rosa.jpg,2,Rosa nude — packshot,,,,,,,,,,,
crema-caelia,,,,,,,,,,,,,,,,,,,,,https://caelia-store-x1wb.vercel.app/campaign/model-rosa-stand.jpg,3,Rosa nude — in piedi,,,,,,,,,,,
crema-caelia,,,,,,,,,,,,,,,,,,,,,https://caelia-store-x1wb.vercel.app/campaign/packshot-crema.jpg,4,Rosa nude — packshot frontale,,,,,,,,,,,
crema-caelia,,,,,,,,,,,,,,,,,,,,,https://caelia-store-x1wb.vercel.app/campaign/life-apply.jpg,5,"Rosa nude, il gesto",,,,,,,,,,,
crema-caelia,,,,,,,,,,,,,,,,,,,,,https://caelia-store-x1wb.vercel.app/campaign/life-flatlay.jpg,6,"Tre colori CAELIA, still life",,,,,,,,,,,
cacao-caelia,Marrone,"<p>Beauty Mirror Case in Marrone. Pelle bruna, specchio, tasca.</p><ul>
<li>Specchio integrato, nitido</li>
<li>Tasca per fino a 5 matite</li>
<li>Pelle PU premium</li>
<li>Logo debossato tono su tono</li></ul><p>Due pezzi: astuccio e specchio. Un gesto, in borsa.</p>",CAELIA,lb-3-3,Beauty Mirror Case,"caelia, marrone, cacao, beauty mirror case, pelle, specchio, matite",TRUE,Title,Default Title,CAELIA-MARRONE,165,shopify,25,deny,manual,58.00,,TRUE,TRUE,,https://caelia-store-x1wb.vercel.app/campaign/pair-cacao.jpg,1,Marrone — astuccio e specchio,FALSE,Marrone — CAELIA Beauty Mirror Case,"Astuccio specchio in pelle marrone. Specchio anti-riflesso, tasca verticale, logo inciso. 58 €.","Apparel & Accessories > Handbags, Wallets & Cases",female,adult,new,https://caelia-store-x1wb.vercel.app/campaign/pair-cacao.jpg,g,,active
cacao-caelia,,,,,,,,,,,,,,,,,,,,,https://caelia-store-x1wb.vercel.app/campaign/cacao-front.jpg,2,Marrone — astuccio,,,,,,,,,,,
cacao-caelia,,,,,,,,,,,,,,,,,,,,,https://caelia-store-x1wb.vercel.app/campaign/cacao-mirror.jpg,3,Marrone — specchio,,,,,,,,,,,
cacao-caelia,,,,,,,,,,,,,,,,,,,,,https://caelia-store-x1wb.vercel.app/campaign/cacao-side.jpg,4,Marrone — profilo,,,,,,,,,,,
cacao-caelia,,,,,,,,,,,,,,,,,,,,,https://caelia-store-x1wb.vercel.app/campaign/cacao-angle.jpg,5,Marrone — tre quarti,,,,,,,,,,,
cacao-caelia,,,,,,,,,,,,,,,,,,,,,https://caelia-store-x1wb.vercel.app/campaign/packshot-cacao.jpg,6,Marrone — packshot,,,,,,,,,,,
